{"stats":{"minecraft:mined":{"minecraft:coal_ore":23,"minecraft:oak_log":5,"minecraft:iron_ore":15,"minecraft:stone":16},"minecraft:killed_by":{"minecraft:creeper":1},"minecraft:crafted":{"minecraft:wooden_sword":1,"minecraft:oak_planks":20,"minecraft:crafting_table":1,"minecraft:stick":8,"minecraft:wooden_pickaxe":1,"minecraft:stone_pickaxe":1},"minecraft:killed":{"minecraft:sheep":1,"mineminenomi:marine_with_sword":1,"minecraft:skeleton":2,"minecraft:spider":1,"mineminenomi:pirate_with_sword":1},"minecraft:used":{"minecraft:wooden_sword":21,"minecraft:crafting_table":1,"minecraft:stone_pickaxe":51,"minecraft:wooden_pickaxe":3},"minecraft:custom":{"minecraft:time_since_rest":2098,"minecraft:deaths":1,"minecraft:crouch_one_cm":1690,"minecraft:play_one_minute":6465,"minecraft:sprint_one_cm":17822,"minecraft:damage_taken":325,"minecraft:walk_one_cm":13468,"minecraft:sneak_time":644,"minecraft:mob_kills":6,"minecraft:jump":190,"minecraft:damage_dealt":1136,"minecraft:leave_game":1,"minecraft:time_since_death":2071,"minecraft:fall_one_cm":6926,"minecraft:interact_with_crafting_table":3,"minecraft:fly_one_cm":41318},"minecraft:picked_up":{"minecraft:arrow":2,"minecraft:iron_ore":15,"minecraft:oak_log":5,"minecraft:dirt":5,"minecraft:coal":23,"minecraft:mutton":1,"minecraft:white_wool":1,"minecraft:spider_eye":1,"minecraft:cobblestone":15}},"DataVersion":2586}