{"stats":{"minecraft:killed_by":{"minecraft:player":1},"minecraft:custom":{"minecraft:jump":15,"minecraft:time_since_rest":44,"minecraft:deaths":1,"minecraft:walk_on_water_one_cm":389,"minecraft:crouch_one_cm":57,"minecraft:damage_taken":165,"minecraft:sprint_one_cm":2518,"minecraft:play_time":2072,"minecraft:walk_one_cm":2064,"minecraft:time_since_death":20,"minecraft:sneak_time":20,"minecraft:climb_one_cm":32,"minecraft:total_world_time":2072,"minecraft:mob_kills":1,"minecraft:fall_one_cm":536,"minecraft:fly_one_cm":3030},"minecraft:killed":{"cobblemon:pokemon":1}},"DataVersion":3465}