{"stats":{"minecraft:used":{"minecraft:cherry_sapling":1,"minecraft:diorite":5,"minecraft:stone_pickaxe":20,"minecraft:wooden_pickaxe":15,"minecraft:cooked_salmon":4,"minecraft:rotten_flesh":1,"minecraft:mutton":2,"justhammers:diamond_hammer":42,"minecraft:crafting_table":6,"minecraft:mangrove_sign":1,"justhammers:iron_hammer":106,"minecraft:bread":3,"minecraft:chicken":1,"minecraft:cyan_bed":2,"justhammers:stone_hammer":58,"minecraft:wooden_sword":52,"minecraft:stone_axe":113,"minecraft:potion":1,"minecraft:cobblestone":119,"minecraft:furnace":2,"minecraft:oak_boat":1},"minecraft:picked_up":{"minecraft:pink_petals":4,"minecraft:crafting_table":4,"minecraft:feather":2,"minecraft:chicken":1,"minecraft:andesite":41,"minecraft:smoker":1,"minecraft:oak_log":25,"minecraft:dirt":1,"minecraft:raw_copper":12,"minecraft:red_nether_bricks":9,"minecraft:wheat_seeds":7,"minecraft:cobbled_deepslate":5,"cobblemon:green_apricorn":4,"cobblemon:thunder_stone":1,"minecraft:moss_block":4,"minecraft:oak_planks":25,"minecraft:furnace":2,"artifacts:obsidian_skull":1,"minecraft:stick":8,"minecraft:raw_iron":5,"minecraft:gravel":1,"sophisticatedbackpacks:backpack":1,"minecraft:mangrove_sign":1,"minecraft:diorite":129,"minecraft:cyan_bed":3,"origins:orb_of_origin":1,"minecraft:leather_helmet":2,"minecraft:oak_wood":8,"minecraft:arrow":1,"minecraft:rotten_flesh":3,"minecraft:diamond":13,"cobblemon:poke_ball":1,"minecraft:hay_block":11,"minecraft:granite":63,"minecraft:cherry_sapling":1,"minecraft:golden_apple":1,"artifacts:panic_necklace":1,"minecraft:oak_sapling":12,"minecraft:mutton":2,"minecraft:coal":56,"minecraft:white_wool":2,"minecraft:cobblestone":669},"minecraft:killed":{"minecraft:husk":1,"minecraft:witch":1,"cobblemon:pokemon":2,"minecraft:sheep":2,"minecraft:skeleton":2,"minecraft:zombie":7,"artifacts:mimic":2},"minecraft:crafted":{"minecraft:wooden_sword":1,"minecraft:oak_planks":52,"minecraft:crafting_table":2,"minecraft:wooden_pickaxe":1,"minecraft:furnace":1,"minecraft:stone":3,"minecraft:stone_axe":1,"minecraft:bread":33,"minecraft:air":0,"minecraft:oak_boat":1,"justhammers:iron_hammer":1,"justhammers:stone_hammer":1,"minecraft:stick":12,"justhammers:diamond_hammer":1,"minecraft:iron_ingot":1,"minecraft:stone_pickaxe":1,"minecraft:wheat":99},"minecraft:killed_by":{"minecraft:husk":3,"minecraft:player":1,"minecraft:skeleton":4,"minecraft:creeper":1,"minecraft:witch":5,"minecraft:zombie":4},"minecraft:dropped":{"minecraft:moss_block":4,"minecraft:wheat_seeds":6,"minecraft:oak_log":2,"minecraft:cobbled_deepslate":1,"minecraft:glass_bottle":1,"minecraft:rotten_flesh":2,"minecraft:feather":1,"minecraft:cobblestone":79,"minecraft:prismarine_crystals":2,"minecraft:granite":63,"minecraft:dirt":1,"minecraft:andesite":28,"minecraft:wooden_sword":1,"minecraft:arrow":1,"minecraft:cyan_bed":1},"minecraft:mined":{"minecraft:deepslate_diamond_ore":7,"minecraft:smoker":1,"minecraft:crafting_table":4,"minecraft:oak_wood":8,"minecraft:grass_block":1,"minecraft:tall_grass":12,"minecraft:cyan_bed":3,"minecraft:moss_block":4,"minecraft:diorite":1,"minecraft:spawner":3,"minecraft:hay_block":11,"minecraft:pink_petals":1,"minecraft:furnace":2,"minecraft:fire":65,"cobblemon:thunder_stone_ore":1,"minecraft:cherry_leaves":14,"minecraft:grass":48,"minecraft:oak_log":23,"minecraft:deepslate_iron_ore":1,"minecraft:vine":1,"minecraft:gravel":1,"minecraft:stone":14,"minecraft:deepslate":3},"minecraft:custom":{"minecraft:interact_with_furnace":3,"minecraft:mob_kills":18,"minecraft:interact_with_anvil":1,"minecraft:interact_with_crafting_table":21,"minecraft:open_barrel":10,"minecraft:leave_game":3,"minecraft:time_since_death":238,"minecraft:sleep_in_bed":3,"minecraft:climb_one_cm":4348,"minecraft:damage_resisted":900,"minecraft:time_since_rest":270,"minecraft:sprint_one_cm":201853,"minecraft:damage_taken":5453,"minecraft:walk_one_cm":191835,"minecraft:drop":20,"minecraft:damage_dealt":6286,"minecraft:damage_dealt_absorbed":77,"minecraft:swim_one_cm":6922,"minecraft:fly_one_cm":418585,"minecraft:open_chest":3,"minecraft:crouch_one_cm":6699,"minecraft:play_time":70942,"minecraft:sneak_time":2349,"minecraft:deaths":26,"minecraft:walk_under_water_one_cm":1636,"minecraft:boat_one_cm":21115,"minecraft:jump":2183,"minecraft:walk_on_water_one_cm":10313,"minecraft:total_world_time":70942,"minecraft:fall_one_cm":113230}},"DataVersion":3465}