{"stats":{"minecraft:mined":{"minecraft:furnace":1,"minecraft:iron_ore":18,"minecraft:crafting_table":2,"minecraft:cyan_concrete":5,"minecraft:coal_ore":23,"minecraft:oak_log":7,"minecraft:lapis_ore":3,"minecraft:stone":19},"minecraft:killed_by":{"mineminenomi:marine_captain":3,"minecraft:skeleton":1,"minecraft:creeper":1},"minecraft:crafted":{"minecraft:wooden_sword":1,"minecraft:oak_planks":28,"mineminenomi:clima_tact":1,"minecraft:crafting_table":2,"minecraft:stick":16,"minecraft:iron_pickaxe":1,"minecraft:iron_ingot":6,"minecraft:wooden_pickaxe":1,"minecraft:stone_pickaxe":1,"minecraft:furnace":1,"minecraft:stone_axe":1,"minecraft:air":0},"minecraft:killed":{"mineminenomi:marine_with_sword":1,"minecraft:sheep":1,"minecraft:skeleton":2,"minecraft:spider":1,"mineminenomi:pirate_with_sword":2,"mineminenomi:marine_with_gun":3,"mineminenomi:marine_bomber":3,"mineminenomi:bandit_with_sword":1},"minecraft:used":{"mineminenomi:marine_sword":32,"minecraft:stone_pickaxe":61,"minecraft:iron_pickaxe":5,"minecraft:wooden_pickaxe":3,"minecraft:stone_axe":1,"minecraft:wooden_sword":21,"minecraft:dirt":5,"minecraft:crafting_table":2,"minecraft:furnace":1},"minecraft:custom":{"minecraft:time_since_rest":239,"minecraft:interact_with_furnace":3,"minecraft:sprint_one_cm":49852,"minecraft:damage_taken":1500,"minecraft:walk_one_cm":28122,"minecraft:mob_kills":14,"minecraft:drop":1,"minecraft:damage_dealt":3109,"minecraft:swim_one_cm":128,"minecraft:interact_with_crafting_table":10,"minecraft:fly_one_cm":123217,"minecraft:open_chest":32,"minecraft:crouch_one_cm":3055,"minecraft:play_one_minute":16634,"minecraft:deaths":6,"minecraft:walk_under_water_one_cm":923,"minecraft:sneak_time":1104,"minecraft:jump":496,"minecraft:leave_game":2,"minecraft:time_since_death":0,"minecraft:walk_on_water_one_cm":2891,"minecraft:fall_one_cm":14905},"minecraft:dropped":{"minecraft:cyan_concrete":5},"minecraft:picked_up":{"minecraft:crafting_table":2,"minecraft:oak_log":7,"minecraft:ink_sac":3,"minecraft:gunpowder":2,"minecraft:lapis_lazuli":18,"minecraft:spider_eye":1,"minecraft:dirt":5,"minecraft:arrow":2,"minecraft:iron_ore":30,"minecraft:cyan_concrete":5,"minecraft:mutton":1,"minecraft:coal":23,"minecraft:white_wool":1,"minecraft:cobblestone":18,"minecraft:furnace":1}},"DataVersion":2586}