{"stats":{"minecraft:mined":{"minecraft:red_bed":1,"minecraft:smoker":1,"minecraft:crafting_table":3,"minecraft:jungle_planks":6,"minecraft:lapis_ore":3,"minecraft:hay_block":39,"minecraft:light_blue_terracotta":5,"minecraft:furnace":2,"minecraft:iron_ore":18,"minecraft:anvil":1,"minecraft:enchanting_table":1,"minecraft:coal_ore":23,"minecraft:oak_log":7,"minecraft:cyan_concrete":5,"byg:palo_verde_log":1,"minecraft:stone":21,"minecraft:gold_ore":29},"minecraft:dropped":{"minecraft:bread":1,"minecraft:wheat_seeds":2,"minecraft:crafting_table":1,"byg:palo_verde_log":1,"minecraft:gunpowder":2,"minecraft:cyan_concrete":5,"minecraft:light_blue_terracotta":5},"minecraft:killed":{"minecraft:spider":1,"mineminenomi:bandit_with_sword":1,"mineminenomi:marine_with_sword":5,"minecraft:sheep":3,"minecraft:skeleton":2,"mineminenomi:marine_sniper":1,"mineminenomi:pirate_with_sword":2,"mineminenomi:marine_with_gun":5,"mineminenomi:marine_bomber":3},"minecraft:used":{"mineminenomi:marine_sword":52,"minecraft:stone_pickaxe":61,"minecraft:wooden_pickaxe":3,"minecraft:stone_hoe":39,"minecraft:dirt":5,"minecraft:crafting_table":3,"minecraft:red_bed":1,"minecraft:bread":11,"minecraft:iron_pickaxe":45,"mineminenomi:pipe":28,"minecraft:stone_axe":9,"minecraft:wooden_sword":21,"minecraft:furnace":2},"minecraft:custom":{"minecraft:interact_with_furnace":5,"minecraft:mob_kills":24,"minecraft:interact_with_crafting_table":13,"minecraft:play_one_minute":32714,"minecraft:damage_dealt_resisted":45,"minecraft:leave_game":2,"minecraft:time_since_death":156,"minecraft:sleep_in_bed":1,"minecraft:time_since_rest":181,"minecraft:sprint_one_cm":132293,"minecraft:damage_taken":3811,"minecraft:walk_one_cm":68432,"minecraft:drop":7,"minecraft:damage_dealt":5348,"minecraft:swim_one_cm":984,"minecraft:fly_one_cm":280995,"minecraft:open_chest":44,"minecraft:crouch_one_cm":3301,"minecraft:sneak_time":1258,"minecraft:deaths":13,"minecraft:walk_under_water_one_cm":1030,"minecraft:jump":1074,"minecraft:walk_on_water_one_cm":4971,"minecraft:fall_one_cm":30812},"minecraft:picked_up":{"minecraft:enchanting_table":1,"minecraft:crafting_table":3,"minecraft:anvil":1,"minecraft:smoker":1,"minecraft:oak_log":7,"minecraft:gunpowder":2,"minecraft:lapis_lazuli":18,"minecraft:dirt":5,"minecraft:red_bed":1,"minecraft:wheat_seeds":2,"minecraft:iron_ore":30,"minecraft:cyan_concrete":5,"minecraft:furnace":2,"minecraft:jungle_planks":5,"minecraft:ink_sac":3,"minecraft:gold_ore":29,"minecraft:spider_eye":1,"minecraft:light_blue_terracotta":5,"minecraft:arrow":2,"minecraft:rotten_flesh":1,"byg:palo_verde_log":1,"minecraft:hay_block":39,"minecraft:mutton":4,"minecraft:coal":23,"minecraft:cobblestone":20,"minecraft:white_wool":3},"minecraft:crafted":{"minecraft:wooden_sword":1,"minecraft:oak_planks":28,"mineminenomi:clima_tact":1,"minecraft:crafting_table":2,"minecraft:wooden_pickaxe":1,"minecraft:furnace":1,"minecraft:stone_axe":1,"minecraft:bread":117,"minecraft:air":0,"minecraft:iron_boots":1,"minecraft:stick":20,"minecraft:iron_ingot":18,"minecraft:iron_pickaxe":1,"minecraft:stone_pickaxe":1,"minecraft:iron_leggings":1,"minecraft:stone_hoe":1,"minecraft:wheat":351},"minecraft:killed_by":{"mineminenomi:marine_bomber":4,"minecraft:skeleton":1,"minecraft:creeper":1,"mineminenomi:marine_captain":6}},"DataVersion":2586}