{"stats":{"minecraft:used":{"minecraft:chicken":1,"minecraft:stone_pickaxe":1,"minecraft:wooden_pickaxe":15,"minecraft:cooked_salmon":4,"justhammers:stone_hammer":30,"minecraft:rotten_flesh":1,"minecraft:stone_axe":42,"minecraft:wooden_sword":48,"minecraft:mutton":2,"minecraft:crafting_table":2,"minecraft:furnace":1},"minecraft:mined":{"minecraft:furnace":1,"minecraft:crafting_table":2,"minecraft:grass":37,"minecraft:oak_wood":8,"minecraft:vine":1,"minecraft:oak_log":23,"minecraft:tall_grass":7,"minecraft:stone":14,"minecraft:moss_block":2},"minecraft:picked_up":{"minecraft:stick":6,"minecraft:crafting_table":2,"minecraft:feather":2,"minecraft:chicken":1,"minecraft:andesite":3,"sophisticatedbackpacks:backpack":1,"minecraft:oak_log":25,"minecraft:diorite":9,"origins:orb_of_origin":1,"minecraft:leather_helmet":2,"minecraft:oak_wood":8,"minecraft:rotten_flesh":1,"cobblemon:poke_ball":1,"minecraft:wheat_seeds":5,"cobblemon:green_apricorn":4,"minecraft:granite":4,"artifacts:panic_necklace":1,"minecraft:oak_sapling":12,"minecraft:moss_block":2,"minecraft:mutton":2,"minecraft:white_wool":2,"minecraft:cobblestone":185,"minecraft:furnace":1},"minecraft:crafted":{"minecraft:wooden_sword":1,"minecraft:oak_planks":44,"justhammers:stone_hammer":1,"minecraft:crafting_table":1,"minecraft:stick":12,"minecraft:stone_pickaxe":1,"minecraft:wooden_pickaxe":1,"minecraft:furnace":1,"minecraft:stone":3,"minecraft:stone_axe":1,"minecraft:air":0},"minecraft:killed_by":{"minecraft:player":1,"minecraft:skeleton":1,"minecraft:witch":5,"minecraft:zombie":3},"minecraft:dropped":{"minecraft:wheat_seeds":1,"minecraft:oak_log":2,"minecraft:feather":1},"minecraft:custom":{"minecraft:time_since_rest":8061,"minecraft:interact_with_furnace":1,"minecraft:sprint_one_cm":81297,"minecraft:damage_taken":2413,"minecraft:walk_one_cm":39911,"minecraft:mob_kills":9,"minecraft:drop":3,"minecraft:damage_dealt":3298,"minecraft:damage_dealt_absorbed":77,"minecraft:swim_one_cm":1894,"minecraft:interact_with_crafting_table":9,"minecraft:fly_one_cm":128817,"minecraft:crouch_one_cm":60,"minecraft:play_time":26072,"minecraft:deaths":12,"minecraft:sneak_time":25,"minecraft:walk_under_water_one_cm":590,"minecraft:jump":683,"minecraft:walk_on_water_one_cm":4229,"minecraft:time_since_death":8033,"minecraft:climb_one_cm":2942,"minecraft:total_world_time":26072,"minecraft:damage_resisted":140,"minecraft:fall_one_cm":37773},"minecraft:killed":{"minecraft:sheep":2,"minecraft:zombie":3,"minecraft:witch":1,"cobblemon:pokemon":2,"artifacts:mimic":1}},"DataVersion":3465}