{"stats":{"minecraft:killed_by":{"mineminenomi:marine_bomber":1,"minecraft:player":2},"minecraft:custom":{"minecraft:time_since_rest":2353,"minecraft:play_one_minute":9384,"minecraft:sprint_one_cm":26964,"minecraft:walk_one_cm":21053,"minecraft:damage_taken":1016,"minecraft:deaths":3,"minecraft:sneak_time":9,"minecraft:walk_under_water_one_cm":337,"minecraft:drop":2,"minecraft:jump":327,"minecraft:damage_dealt":116,"minecraft:leave_game":2,"minecraft:walk_on_water_one_cm":1905,"minecraft:time_since_death":2324,"minecraft:swim_one_cm":4730,"minecraft:fall_one_cm":16871,"minecraft:fly_one_cm":94456},"minecraft:mined":{"minecraft:grass":13,"byg:flower_patch":3,"byg:water_silk":4,"minecraft:fire":1,"byg:short_grass":1},"minecraft:picked_up":{"minecraft:wheat_seeds":2},"minecraft:dropped":{"minecraft:wheat_seeds":2}},"DataVersion":2586}