{"stats":{"minecraft:used":{"minecraft:chicken":1,"minecraft:wooden_pickaxe":15,"justhammers:stone_hammer":9,"minecraft:stone_axe":1,"minecraft:wooden_sword":48,"minecraft:crafting_table":2,"minecraft:furnace":1},"minecraft:mined":{"minecraft:furnace":1,"minecraft:crafting_table":2,"minecraft:grass":9,"minecraft:oak_log":5,"minecraft:tall_grass":1,"minecraft:stone":14,"minecraft:moss_block":1},"minecraft:picked_up":{"minecraft:stick":1,"minecraft:crafting_table":2,"minecraft:feather":2,"minecraft:chicken":1,"sophisticatedbackpacks:backpack":1,"minecraft:oak_log":7,"minecraft:leather_helmet":1,"minecraft:rotten_flesh":1,"minecraft:wheat_seeds":2,"cobblemon:green_apricorn":4,"minecraft:granite":4,"minecraft:moss_block":1,"minecraft:mutton":2,"minecraft:white_wool":2,"minecraft:cobblestone":82,"minecraft:furnace":1},"minecraft:crafted":{"minecraft:wooden_sword":1,"minecraft:oak_planks":20,"justhammers:stone_hammer":1,"minecraft:crafting_table":1,"minecraft:stick":12,"minecraft:stone_pickaxe":1,"minecraft:wooden_pickaxe":1,"minecraft:furnace":1,"minecraft:stone":3,"minecraft:stone_axe":1,"minecraft:air":0},"minecraft:killed_by":{"minecraft:player":1,"minecraft:skeleton":1,"minecraft:witch":5,"minecraft:zombie":2},"minecraft:dropped":{"minecraft:wheat_seeds":1,"minecraft:oak_log":2,"minecraft:feather":1},"minecraft:custom":{"minecraft:time_since_rest":34,"minecraft:interact_with_furnace":1,"minecraft:sprint_one_cm":34936,"minecraft:damage_taken":1950,"minecraft:walk_one_cm":24060,"minecraft:mob_kills":8,"minecraft:drop":3,"minecraft:damage_dealt":2349,"minecraft:damage_dealt_absorbed":77,"minecraft:swim_one_cm":1894,"minecraft:interact_with_crafting_table":9,"minecraft:fly_one_cm":48581,"minecraft:crouch_one_cm":60,"minecraft:play_time":14072,"minecraft:deaths":11,"minecraft:sneak_time":25,"minecraft:walk_under_water_one_cm":557,"minecraft:jump":299,"minecraft:walk_on_water_one_cm":2608,"minecraft:time_since_death":0,"minecraft:climb_one_cm":762,"minecraft:total_world_time":14072,"minecraft:fall_one_cm":19682},"minecraft:killed":{"minecraft:sheep":2,"minecraft:zombie":3,"minecraft:witch":1,"cobblemon:pokemon":2}},"DataVersion":3465}