{"stats":{"minecraft:mined":{"minecraft:cut_sandstone":6,"minecraft:spruce_planks":3,"minecraft:red_bed":2,"minecraft:smoker":1,"minecraft:torch":1,"minecraft:smooth_sandstone":2,"minecraft:crafting_table":3,"minecraft:jungle_planks":12,"minecraft:white_stained_glass_pane":4,"minecraft:lapis_ore":3,"minecraft:sandstone":34,"minecraft:hay_block":48,"minecraft:light_blue_terracotta":10,"minecraft:blue_terracotta":1,"minecraft:furnace":2,"byg:palm_log":5,"minecraft:iron_ore":18,"minecraft:chiseled_sandstone":2,"minecraft:tnt":2,"minecraft:anvil":1,"minecraft:enchanting_table":1,"minecraft:grass":6,"minecraft:oak_log":7,"minecraft:coal_ore":23,"minecraft:cyan_concrete":20,"byg:palo_verde_log":1,"minecraft:stone":21,"minecraft:gold_ore":29},"minecraft:dropped":{"minecraft:bread":1,"minecraft:wheat_seeds":2,"minecraft:crafting_table":1,"mineminenomi:medic_bag":1,"minecraft:jungle_planks":4,"byg:palo_verde_log":1,"minecraft:gunpowder":2,"minecraft:cut_sandstone":2,"minecraft:sandstone":17,"minecraft:cyan_concrete":9,"minecraft:light_blue_terracotta":10,"mineminenomi:pipe":1,"minecraft:string":2},"minecraft:killed":{"minecraft:spider":4,"mineminenomi:bandit_with_sword":2,"mineminenomi:marine_with_sword":5,"minecraft:sheep":3,"minecraft:skeleton":5,"mineminenomi:marine_sniper":1,"minecraft:zombie":6,"mineminenomi:pirate_with_sword":2,"mineminenomi:marine_with_gun":5,"mineminenomi:marine_bomber":3},"minecraft:used":{"mineminenomi:marine_sword":52,"minecraft:stone_pickaxe":61,"minecraft:wooden_pickaxe":3,"minecraft:shield":2,"minecraft:sandstone":15,"minecraft:cut_sandstone":4,"minecraft:stone_hoe":48,"minecraft:cookie":2,"mineminenomi:ultra_cola":1,"mineminenomi:den_den_mushi":1,"minecraft:torch":1,"minecraft:dirt":5,"minecraft:anvil":1,"minecraft:crafting_table":5,"minecraft:red_bed":2,"minecraft:jungle_planks":8,"minecraft:smoker":1,"byg:palm_boat":1,"minecraft:chiseled_sandstone":2,"minecraft:iron_pickaxe":116,"minecraft:bread":27,"minecraft:smooth_sandstone":2,"minecraft:cyan_concrete":6,"mineminenomi:pipe":82,"minecraft:stone_axe":25,"minecraft:wooden_sword":21,"travelersbackpack:standard":1,"minecraft:furnace":3},"minecraft:broken":{"mineminenomi:cigar":1},"minecraft:custom":{"minecraft:interact_with_furnace":8,"minecraft:mob_kills":37,"minecraft:interact_with_crafting_table":15,"minecraft:play_one_minute":69717,"minecraft:damage_dealt_resisted":90,"minecraft:leave_game":5,"minecraft:time_since_death":4275,"minecraft:sleep_in_bed":3,"minecraft:climb_one_cm":476,"minecraft:time_since_rest":2019,"minecraft:sprint_one_cm":258263,"minecraft:damage_taken":6494,"minecraft:walk_one_cm":125307,"minecraft:damage_blocked_by_shield":70,"minecraft:trigger_trapped_chest":1,"minecraft:drop":18,"minecraft:damage_dealt":8282,"minecraft:swim_one_cm":3377,"minecraft:fly_one_cm":678922,"minecraft:open_chest":82,"minecraft:crouch_one_cm":4681,"minecraft:sneak_time":1626,"minecraft:deaths":20,"minecraft:walk_under_water_one_cm":2468,"minecraft:boat_one_cm":21100,"minecraft:jump":2453,"minecraft:walk_on_water_one_cm":9758,"minecraft:fall_one_cm":71588},"minecraft:picked_up":{"minecraft:enchanting_table":1,"minecraft:crafting_table":3,"minecraft:anvil":1,"minecraft:cut_sandstone":6,"minecraft:smoker":1,"minecraft:oak_log":7,"minecraft:gunpowder":2,"minecraft:lapis_lazuli":18,"minecraft:dirt":5,"minecraft:string":2,"minecraft:red_bed":2,"minecraft:smooth_sandstone":2,"minecraft:bone":2,"minecraft:wheat_seeds":2,"minecraft:iron_ore":30,"minecraft:cyan_concrete":22,"mineminenomi:pipe":1,"minecraft:furnace":2,"minecraft:sandstone":41,"minecraft:torch":1,"minecraft:jungle_planks":12,"minecraft:ink_sac":3,"minecraft:gold_ore":29,"minecraft:chiseled_sandstone":2,"minecraft:spider_eye":1,"minecraft:arrow":5,"minecraft:rotten_flesh":7,"minecraft:light_blue_terracotta":10,"byg:palo_verde_log":1,"minecraft:hay_block":48,"byg:palm_boat":1,"minecraft:saddle":1,"byg:palm_log":4,"minecraft:mutton":4,"minecraft:coal":23,"minecraft:white_wool":3,"minecraft:cobblestone":20},"minecraft:crafted":{"minecraft:wooden_sword":1,"minecraft:oak_planks":28,"mineminenomi:clima_tact":1,"minecraft:crafting_table":3,"minecraft:wooden_pickaxe":1,"minecraft:furnace":1,"minecraft:stone_axe":1,"minecraft:bread":117,"minecraft:air":0,"byg:palm_planks":16,"minecraft:iron_boots":1,"minecraft:stick":20,"minecraft:iron_ingot":18,"minecraft:iron_pickaxe":1,"minecraft:stone_pickaxe":1,"minecraft:iron_leggings":1,"minecraft:gold_ingot":3,"minecraft:stone_hoe":1,"byg:palm_boat":1,"mineminenomi:key":1,"minecraft:wheat":351},"minecraft:killed_by":{"mineminenomi:marine_bomber":5,"mineminenomi:swordsman_trainer":1,"minecraft:skeleton":1,"minecraft:creeper":2,"mineminenomi:marine_with_gun":1,"mineminenomi:marine_captain":9}},"DataVersion":2586}