{"stats":{"minecraft:mined":{"minecraft:cut_sandstone":6,"minecraft:red_bed":2,"minecraft:smoker":1,"minecraft:smooth_sandstone":2,"minecraft:crafting_table":3,"minecraft:torch":1,"minecraft:jungle_planks":12,"minecraft:lapis_ore":3,"minecraft:sandstone":18,"minecraft:hay_block":48,"minecraft:light_blue_terracotta":10,"minecraft:blue_terracotta":1,"minecraft:furnace":2,"minecraft:iron_ore":18,"minecraft:chiseled_sandstone":2,"minecraft:anvil":1,"minecraft:enchanting_table":1,"minecraft:grass":1,"minecraft:oak_log":7,"minecraft:coal_ore":23,"minecraft:cyan_concrete":11,"byg:palo_verde_log":1,"minecraft:stone":21,"minecraft:gold_ore":29},"minecraft:dropped":{"minecraft:bread":1,"minecraft:wheat_seeds":2,"minecraft:crafting_table":1,"mineminenomi:medic_bag":1,"minecraft:jungle_planks":4,"byg:palo_verde_log":1,"minecraft:gunpowder":2,"minecraft:cut_sandstone":2,"minecraft:sandstone":3,"minecraft:cyan_concrete":5,"minecraft:light_blue_terracotta":10},"minecraft:killed":{"minecraft:spider":1,"mineminenomi:bandit_with_sword":2,"mineminenomi:marine_with_sword":5,"minecraft:sheep":3,"minecraft:skeleton":2,"mineminenomi:marine_sniper":1,"mineminenomi:pirate_with_sword":2,"mineminenomi:marine_with_gun":5,"mineminenomi:marine_bomber":3},"minecraft:used":{"mineminenomi:marine_sword":52,"minecraft:stone_pickaxe":61,"minecraft:wooden_pickaxe":3,"minecraft:sandstone":15,"minecraft:cut_sandstone":4,"minecraft:stone_hoe":48,"mineminenomi:ultra_cola":1,"mineminenomi:den_den_mushi":1,"minecraft:torch":1,"minecraft:dirt":5,"minecraft:anvil":1,"minecraft:crafting_table":4,"minecraft:red_bed":2,"minecraft:jungle_planks":8,"minecraft:smoker":1,"minecraft:chiseled_sandstone":2,"minecraft:iron_pickaxe":89,"minecraft:bread":14,"minecraft:smooth_sandstone":2,"minecraft:cyan_concrete":6,"mineminenomi:pipe":42,"minecraft:stone_axe":15,"minecraft:wooden_sword":21,"travelersbackpack:standard":1,"minecraft:furnace":3},"minecraft:broken":{"mineminenomi:cigar":1},"minecraft:custom":{"minecraft:interact_with_furnace":8,"minecraft:mob_kills":25,"minecraft:interact_with_crafting_table":14,"minecraft:play_one_minute":46845,"minecraft:damage_dealt_resisted":90,"minecraft:leave_game":4,"minecraft:time_since_death":5277,"minecraft:sleep_in_bed":2,"minecraft:time_since_rest":5308,"minecraft:sprint_one_cm":187271,"minecraft:damage_taken":5164,"minecraft:walk_one_cm":99965,"minecraft:drop":13,"minecraft:damage_dealt":5717,"minecraft:swim_one_cm":984,"minecraft:fly_one_cm":404341,"minecraft:open_chest":69,"minecraft:walk_under_water_one_cm":1030,"minecraft:crouch_one_cm":4639,"minecraft:sneak_time":1573,"minecraft:deaths":17,"minecraft:jump":1520,"minecraft:walk_on_water_one_cm":6291,"minecraft:fall_one_cm":42970},"minecraft:picked_up":{"minecraft:enchanting_table":1,"minecraft:crafting_table":3,"minecraft:anvil":1,"minecraft:cut_sandstone":6,"minecraft:smoker":1,"minecraft:oak_log":7,"minecraft:gunpowder":2,"minecraft:lapis_lazuli":18,"minecraft:dirt":5,"minecraft:red_bed":2,"minecraft:smooth_sandstone":2,"minecraft:wheat_seeds":2,"minecraft:iron_ore":30,"minecraft:cyan_concrete":11,"minecraft:furnace":2,"minecraft:sandstone":18,"minecraft:torch":1,"minecraft:jungle_planks":12,"minecraft:ink_sac":3,"minecraft:gold_ore":29,"minecraft:chiseled_sandstone":2,"minecraft:spider_eye":1,"minecraft:arrow":2,"minecraft:rotten_flesh":1,"minecraft:light_blue_terracotta":10,"byg:palo_verde_log":1,"minecraft:hay_block":48,"minecraft:mutton":4,"minecraft:coal":23,"minecraft:white_wool":3,"minecraft:cobblestone":20},"minecraft:crafted":{"minecraft:wooden_sword":1,"minecraft:oak_planks":28,"mineminenomi:clima_tact":1,"minecraft:crafting_table":2,"minecraft:wooden_pickaxe":1,"minecraft:furnace":1,"minecraft:stone_axe":1,"minecraft:bread":117,"minecraft:air":0,"minecraft:iron_boots":1,"minecraft:stick":20,"minecraft:iron_ingot":18,"minecraft:stone_pickaxe":1,"minecraft:iron_pickaxe":1,"minecraft:iron_leggings":1,"minecraft:gold_ingot":3,"minecraft:stone_hoe":1,"mineminenomi:key":1,"minecraft:wheat":351},"minecraft:killed_by":{"mineminenomi:marine_bomber":4,"minecraft:skeleton":1,"minecraft:creeper":1,"mineminenomi:marine_with_gun":1,"mineminenomi:marine_captain":9}},"DataVersion":2586}