{"stats":{"minecraft:broken":{"minecraft:stone_axe":1},"minecraft:used":{"minecraft:cherry_sapling":1,"minecraft:chest":3,"minecraft:cooked_salmon":4,"minecraft:rotten_flesh":1,"minecraft:torch":3,"minecraft:mutton":2,"minecraft:iron_axe":22,"minecraft:furnace":4,"minecraft:egg":2,"minecraft:diorite":5,"minecraft:stone_pickaxe":20,"minecraft:baked_potato":1,"minecraft:wooden_pickaxe":17,"minecraft:sand":1,"minecraft:crafting_table":7,"justhammers:diamond_hammer":116,"minecraft:mangrove_sign":1,"minecraft:smoker":2,"justhammers:iron_hammer":106,"minecraft:cyan_bed":2,"minecraft:chicken":1,"minecraft:bread":13,"justhammers:stone_hammer":58,"minecraft:stone_axe":114,"minecraft:wooden_sword":52,"minecraft:cobblestone":132,"minecraft:potion":1,"minecraft:oak_boat":1},"minecraft:picked_up":{"minecraft:crafting_table":4,"minecraft:chicken":1,"minecraft:raw_copper":12,"minecraft:red_nether_bricks":9,"minecraft:cobbled_deepslate":51,"cobblemon:green_apricorn":4,"cobblemon:relic_coin":29,"minecraft:egg":2,"minecraft:furnace":3,"minecraft:stick":15,"minecraft:raw_iron":5,"minecraft:torch":2,"sophisticatedbackpacks:backpack":1,"minecraft:cherry_log":19,"minecraft:mangrove_sign":1,"minecraft:diorite":129,"origins:orb_of_origin":1,"minecraft:rotten_flesh":3,"minecraft:arrow":1,"minecraft:hay_block":11,"minecraft:pink_tulip":1,"artifacts:panic_necklace":1,"minecraft:mutton":2,"minecraft:obsidian":4,"minecraft:cobblestone":734,"minecraft:white_wool":2,"minecraft:pink_petals":4,"minecraft:feather":2,"minecraft:andesite":54,"minecraft:smoker":2,"minecraft:flint":1,"minecraft:oak_log":25,"minecraft:lapis_lazuli":46,"minecraft:dirt":1,"minecraft:wheat_seeds":43,"minecraft:iron_ingot":4,"cobblemon:thunder_stone":1,"minecraft:moss_block":4,"minecraft:oak_planks":25,"artifacts:obsidian_skull":1,"minecraft:gravel":33,"minecraft:sand":1,"minecraft:cyan_bed":3,"minecraft:leather_helmet":2,"minecraft:mossy_cobblestone":3,"minecraft:oak_wood":8,"cobblemon:poke_ball":1,"minecraft:diamond":21,"minecraft:granite":63,"minecraft:cherry_sapling":16,"minecraft:golden_apple":1,"minecraft:baked_potato":1,"minecraft:oak_sapling":12,"minecraft:coal":119},"minecraft:killed":{"minecraft:witch":1,"minecraft:skeleton":2,"artifacts:mimic":2,"minecraft:husk":1,"cobblemon:pokemon":2,"minecraft:sheep":2,"minecraft:zombie":8},"minecraft:crafted":{"minecraft:wooden_sword":1,"minecraft:oak_planks":124,"minecraft:furnace":1,"minecraft:stone":3,"minecraft:diamond_helmet":1,"minecraft:iron_axe":1,"minecraft:stone_pickaxe":1,"justhammers:diamond_hammer":1,"minecraft:chest":3,"minecraft:diamond_boots":1,"minecraft:wheat":99,"minecraft:crafting_table":3,"minecraft:wooden_pickaxe":1,"minecraft:stone_axe":1,"minecraft:bread":33,"minecraft:air":0,"minecraft:oak_boat":1,"justhammers:iron_hammer":1,"justhammers:stone_hammer":1,"minecraft:stick":12,"minecraft:iron_ingot":1,"minecraft:torch":4,"minecraft:diamond_chestplate":1},"minecraft:killed_by":{"minecraft:husk":3,"minecraft:player":1,"minecraft:creeper":1,"minecraft:skeleton":4,"minecraft:witch":5,"minecraft:zombie":5},"minecraft:dropped":{"minecraft:moss_block":4,"minecraft:wheat_seeds":7,"minecraft:oak_log":2,"minecraft:mossy_cobblestone":3,"minecraft:glass_bottle":1,"minecraft:feather":1,"minecraft:cobblestone":131,"minecraft:prismarine_crystals":2,"minecraft:granite":63,"minecraft:flint":1,"minecraft:dirt":1,"minecraft:diorite":64,"minecraft:wooden_sword":1,"minecraft:cobbled_deepslate":65,"minecraft:obsidian":4,"minecraft:rotten_flesh":2,"minecraft:andesite":54,"minecraft:arrow":1,"minecraft:cyan_bed":1},"minecraft:mined":{"minecraft:deepslate_diamond_ore":8,"minecraft:cherry_log":19,"minecraft:grass_block":1,"minecraft:moss_block":6,"minecraft:chiseled_stone_bricks":1,"minecraft:spawner":3,"minecraft:hay_block":11,"minecraft:furnace":3,"minecraft:fire":67,"minecraft:deepslate_iron_ore":1,"minecraft:vine":1,"minecraft:pink_tulip":1,"minecraft:stone":14,"minecraft:bone_block":1,"minecraft:redstone_wall_torch":1,"minecraft:smoker":2,"minecraft:crafting_table":4,"minecraft:torch":2,"minecraft:oak_wood":8,"minecraft:tall_grass":44,"minecraft:cyan_bed":3,"minecraft:diorite":1,"cobblemon:relic_coin_pouch":5,"minecraft:pink_petals":1,"minecraft:grass":372,"minecraft:oak_log":23,"minecraft:cherry_leaves":14,"cobblemon:thunder_stone_ore":1,"minecraft:gravel":18,"minecraft:sand":1,"minecraft:deepslate":3},"minecraft:custom":{"minecraft:mob_kills":20,"minecraft:interact_with_anvil":1,"minecraft:interact_with_crafting_table":27,"minecraft:open_barrel":11,"minecraft:leave_game":6,"minecraft:time_since_death":4849,"minecraft:climb_one_cm":4348,"minecraft:damage_resisted":1265,"minecraft:sprint_one_cm":253898,"minecraft:walk_one_cm":242827,"minecraft:drop":31,"minecraft:damage_dealt_absorbed":77,"minecraft:play_time":89803,"minecraft:deaths":28,"minecraft:sneak_time":2733,"minecraft:walk_under_water_one_cm":3495,"minecraft:boat_one_cm":21115,"minecraft:jump":2788,"minecraft:walk_on_water_one_cm":15394,"minecraft:total_world_time":89803,"minecraft:interact_with_furnace":4,"minecraft:sleep_in_bed":3,"minecraft:time_since_rest":4921,"minecraft:damage_taken":6288,"minecraft:damage_dealt":6458,"minecraft:swim_one_cm":9691,"minecraft:fly_one_cm":543028,"minecraft:open_chest":8,"minecraft:crouch_one_cm":7960,"minecraft:interact_with_smoker":2,"minecraft:fall_one_cm":133596}},"DataVersion":3465}