{"stats":{"minecraft:used":{"minecraft:diorite":5,"minecraft:stone_pickaxe":4,"minecraft:wooden_pickaxe":15,"minecraft:cooked_salmon":4,"minecraft:rotten_flesh":1,"minecraft:mutton":2,"minecraft:crafting_table":3,"justhammers:iron_hammer":75,"minecraft:chicken":1,"justhammers:stone_hammer":58,"minecraft:wooden_sword":52,"minecraft:stone_axe":62,"minecraft:cobblestone":68,"minecraft:furnace":2},"minecraft:picked_up":{"minecraft:crafting_table":3,"minecraft:feather":2,"minecraft:chicken":1,"minecraft:andesite":28,"minecraft:smoker":1,"minecraft:oak_log":25,"minecraft:dirt":1,"minecraft:raw_copper":12,"minecraft:wheat_seeds":7,"minecraft:cobbled_deepslate":4,"cobblemon:green_apricorn":4,"minecraft:moss_block":4,"minecraft:oak_planks":25,"minecraft:furnace":2,"artifacts:obsidian_skull":1,"minecraft:stick":6,"minecraft:raw_iron":5,"sophisticatedbackpacks:backpack":1,"minecraft:diorite":63,"minecraft:cyan_bed":1,"origins:orb_of_origin":1,"minecraft:leather_helmet":2,"minecraft:oak_wood":8,"minecraft:arrow":1,"minecraft:rotten_flesh":1,"minecraft:diamond":6,"cobblemon:poke_ball":1,"minecraft:granite":40,"artifacts:panic_necklace":1,"minecraft:oak_sapling":12,"minecraft:mutton":2,"minecraft:coal":42,"minecraft:white_wool":2,"minecraft:cobblestone":575},"minecraft:killed":{"minecraft:witch":1,"cobblemon:pokemon":2,"minecraft:sheep":2,"minecraft:skeleton":1,"minecraft:zombie":3,"artifacts:mimic":2},"minecraft:crafted":{"minecraft:wooden_sword":1,"minecraft:oak_planks":44,"minecraft:crafting_table":1,"minecraft:wooden_pickaxe":1,"minecraft:furnace":1,"minecraft:stone":3,"minecraft:stone_axe":1,"minecraft:air":0,"justhammers:iron_hammer":1,"justhammers:stone_hammer":1,"minecraft:stick":12,"minecraft:iron_ingot":1,"minecraft:stone_pickaxe":1},"minecraft:killed_by":{"minecraft:player":1,"minecraft:skeleton":3,"minecraft:witch":5,"minecraft:zombie":4},"minecraft:dropped":{"minecraft:moss_block":4,"minecraft:wheat_seeds":1,"minecraft:oak_log":2,"minecraft:cobbled_deepslate":1,"minecraft:feather":1,"minecraft:cobblestone":79,"minecraft:prismarine_crystals":2,"minecraft:dirt":1,"minecraft:andesite":28,"minecraft:wooden_sword":1},"minecraft:mined":{"minecraft:deepslate_diamond_ore":6,"minecraft:smoker":1,"minecraft:crafting_table":3,"minecraft:oak_wood":8,"minecraft:grass_block":1,"minecraft:tall_grass":11,"minecraft:cyan_bed":1,"minecraft:moss_block":4,"minecraft:furnace":2,"minecraft:fire":1,"minecraft:grass":48,"minecraft:oak_log":23,"minecraft:deepslate_iron_ore":1,"minecraft:vine":1,"minecraft:stone":14},"minecraft:custom":{"minecraft:interact_with_furnace":3,"minecraft:mob_kills":11,"minecraft:interact_with_anvil":1,"minecraft:interact_with_crafting_table":17,"minecraft:open_barrel":5,"minecraft:leave_game":3,"minecraft:time_since_death":1502,"minecraft:sleep_in_bed":1,"minecraft:climb_one_cm":3337,"minecraft:damage_resisted":650,"minecraft:time_since_rest":1529,"minecraft:sprint_one_cm":132601,"minecraft:damage_taken":3573,"minecraft:walk_one_cm":108543,"minecraft:drop":11,"minecraft:damage_dealt":4447,"minecraft:damage_dealt_absorbed":77,"minecraft:swim_one_cm":2512,"minecraft:fly_one_cm":267582,"minecraft:open_chest":1,"minecraft:crouch_one_cm":5017,"minecraft:play_time":46942,"minecraft:sneak_time":1862,"minecraft:deaths":18,"minecraft:walk_under_water_one_cm":991,"minecraft:jump":1475,"minecraft:walk_on_water_one_cm":8727,"minecraft:total_world_time":46942,"minecraft:fall_one_cm":73747}},"DataVersion":3465}