{"stats":{"minecraft:killed_by":{"mineminenomi:marine_bomber":1},"minecraft:custom":{"minecraft:jump":142,"minecraft:time_since_rest":1199,"minecraft:deaths":1,"minecraft:damage_dealt":10,"minecraft:play_one_minute":4093,"minecraft:damage_taken":367,"minecraft:leave_game":1,"minecraft:sprint_one_cm":12743,"minecraft:time_since_death":1159,"minecraft:walk_on_water_one_cm":926,"minecraft:walk_one_cm":7558,"minecraft:drop":1,"minecraft:fall_one_cm":2974,"minecraft:fly_one_cm":32134},"minecraft:mined":{"byg:water_silk":1},"minecraft:picked_up":{"minecraft:wheat_seeds":1},"minecraft:dropped":{"minecraft:wheat_seeds":1}},"DataVersion":2586}