{"stats":{"minecraft:used":{"minecraft:diorite":5,"minecraft:stone_pickaxe":4,"minecraft:wooden_pickaxe":15,"minecraft:cooked_salmon":4,"minecraft:rotten_flesh":1,"minecraft:mutton":2,"minecraft:crafting_table":4,"justhammers:iron_hammer":79,"minecraft:chicken":1,"minecraft:cyan_bed":2,"justhammers:stone_hammer":58,"minecraft:wooden_sword":52,"minecraft:stone_axe":102,"minecraft:cobblestone":119,"minecraft:furnace":2,"minecraft:oak_boat":1},"minecraft:picked_up":{"minecraft:pink_petals":4,"minecraft:crafting_table":4,"minecraft:feather":2,"minecraft:chicken":1,"minecraft:andesite":28,"minecraft:smoker":1,"minecraft:oak_log":25,"minecraft:dirt":1,"minecraft:raw_copper":12,"minecraft:wheat_seeds":7,"minecraft:cobbled_deepslate":5,"cobblemon:green_apricorn":4,"minecraft:moss_block":4,"minecraft:oak_planks":25,"minecraft:furnace":2,"artifacts:obsidian_skull":1,"minecraft:stick":8,"minecraft:raw_iron":5,"sophisticatedbackpacks:backpack":1,"minecraft:mangrove_sign":1,"minecraft:diorite":63,"minecraft:cyan_bed":2,"origins:orb_of_origin":1,"minecraft:leather_helmet":2,"minecraft:oak_wood":8,"minecraft:arrow":1,"minecraft:rotten_flesh":3,"minecraft:diamond":7,"cobblemon:poke_ball":1,"minecraft:granite":40,"minecraft:golden_apple":1,"artifacts:panic_necklace":1,"minecraft:oak_sapling":12,"minecraft:mutton":2,"minecraft:coal":42,"minecraft:white_wool":2,"minecraft:cobblestone":575},"minecraft:killed":{"minecraft:husk":1,"minecraft:witch":1,"cobblemon:pokemon":2,"minecraft:sheep":2,"minecraft:skeleton":1,"minecraft:zombie":6,"artifacts:mimic":2},"minecraft:crafted":{"minecraft:wooden_sword":1,"minecraft:oak_planks":52,"minecraft:crafting_table":1,"minecraft:wooden_pickaxe":1,"minecraft:furnace":1,"minecraft:stone":3,"minecraft:stone_axe":1,"minecraft:air":0,"minecraft:oak_boat":1,"justhammers:iron_hammer":1,"justhammers:stone_hammer":1,"minecraft:stick":12,"minecraft:iron_ingot":1,"minecraft:stone_pickaxe":1},"minecraft:killed_by":{"minecraft:husk":2,"minecraft:player":1,"minecraft:skeleton":4,"minecraft:creeper":1,"minecraft:witch":5,"minecraft:zombie":4},"minecraft:dropped":{"minecraft:moss_block":4,"minecraft:wheat_seeds":6,"minecraft:oak_log":2,"minecraft:cobbled_deepslate":1,"minecraft:rotten_flesh":2,"minecraft:feather":1,"minecraft:cobblestone":79,"minecraft:prismarine_crystals":2,"minecraft:dirt":1,"minecraft:andesite":28,"minecraft:wooden_sword":1,"minecraft:arrow":1},"minecraft:mined":{"minecraft:deepslate_diamond_ore":7,"minecraft:smoker":1,"minecraft:crafting_table":4,"minecraft:oak_wood":8,"minecraft:grass_block":1,"minecraft:tall_grass":11,"minecraft:cyan_bed":2,"minecraft:moss_block":4,"minecraft:spawner":2,"minecraft:pink_petals":1,"minecraft:furnace":2,"minecraft:fire":19,"minecraft:grass":48,"minecraft:oak_log":23,"minecraft:deepslate_iron_ore":1,"minecraft:vine":1,"minecraft:stone":14,"minecraft:deepslate":1},"minecraft:custom":{"minecraft:interact_with_furnace":3,"minecraft:mob_kills":16,"minecraft:interact_with_anvil":1,"minecraft:interact_with_crafting_table":18,"minecraft:open_barrel":7,"minecraft:leave_game":3,"minecraft:time_since_death":493,"minecraft:sleep_in_bed":3,"minecraft:climb_one_cm":3699,"minecraft:damage_resisted":900,"minecraft:time_since_rest":522,"minecraft:sprint_one_cm":173924,"minecraft:damage_taken":4383,"minecraft:walk_one_cm":155243,"minecraft:drop":15,"minecraft:damage_dealt":5727,"minecraft:damage_dealt_absorbed":77,"minecraft:swim_one_cm":2512,"minecraft:fly_one_cm":345253,"minecraft:open_chest":1,"minecraft:crouch_one_cm":5806,"minecraft:play_time":58942,"minecraft:sneak_time":2089,"minecraft:deaths":22,"minecraft:walk_under_water_one_cm":1458,"minecraft:boat_one_cm":21115,"minecraft:jump":1877,"minecraft:walk_on_water_one_cm":10043,"minecraft:total_world_time":58942,"minecraft:fall_one_cm":90280}},"DataVersion":3465}