{"stats":{"minecraft:mined":{"minecraft:hay_block":29,"minecraft:furnace":1,"minecraft:iron_ore":18,"minecraft:smoker":1,"minecraft:crafting_table":2,"minecraft:oak_log":7,"minecraft:coal_ore":23,"minecraft:cyan_concrete":5,"minecraft:lapis_ore":3,"minecraft:stone":19},"minecraft:dropped":{"minecraft:wheat_seeds":2,"minecraft:crafting_table":1,"minecraft:cyan_concrete":5},"minecraft:used":{"mineminenomi:marine_sword":41,"minecraft:stone_pickaxe":61,"minecraft:iron_pickaxe":6,"minecraft:wooden_pickaxe":3,"minecraft:stone_hoe":29,"minecraft:wooden_sword":21,"minecraft:stone_axe":1,"minecraft:dirt":5,"minecraft:crafting_table":3,"minecraft:furnace":2},"minecraft:killed":{"mineminenomi:marine_with_sword":2,"minecraft:sheep":3,"minecraft:skeleton":2,"mineminenomi:marine_sniper":1,"minecraft:spider":1,"mineminenomi:pirate_with_sword":2,"mineminenomi:marine_with_gun":3,"mineminenomi:marine_bomber":3,"mineminenomi:bandit_with_sword":1},"minecraft:picked_up":{"minecraft:crafting_table":2,"minecraft:smoker":1,"minecraft:oak_log":7,"minecraft:ink_sac":3,"minecraft:gunpowder":2,"minecraft:lapis_lazuli":18,"minecraft:spider_eye":1,"minecraft:dirt":5,"minecraft:arrow":2,"minecraft:wheat_seeds":2,"minecraft:hay_block":29,"minecraft:iron_ore":30,"minecraft:cyan_concrete":5,"minecraft:mutton":4,"minecraft:coal":23,"minecraft:white_wool":3,"minecraft:cobblestone":18,"minecraft:furnace":1},"minecraft:custom":{"minecraft:time_since_rest":4319,"minecraft:interact_with_furnace":4,"minecraft:sprint_one_cm":67061,"minecraft:damage_taken":1720,"minecraft:walk_one_cm":39309,"minecraft:mob_kills":18,"minecraft:drop":3,"minecraft:damage_dealt":3669,"minecraft:swim_one_cm":984,"minecraft:interact_with_crafting_table":11,"minecraft:fly_one_cm":167322,"minecraft:open_chest":33,"minecraft:play_one_minute":20714,"minecraft:crouch_one_cm":3117,"minecraft:deaths":6,"minecraft:sneak_time":1132,"minecraft:walk_under_water_one_cm":1030,"minecraft:jump":655,"minecraft:leave_game":2,"minecraft:time_since_death":3949,"minecraft:walk_on_water_one_cm":4745,"minecraft:fall_one_cm":20043},"minecraft:killed_by":{"minecraft:skeleton":1,"mineminenomi:marine_captain":3,"minecraft:creeper":1},"minecraft:crafted":{"minecraft:wooden_sword":1,"minecraft:oak_planks":28,"mineminenomi:clima_tact":1,"minecraft:crafting_table":2,"minecraft:stick":20,"minecraft:wooden_pickaxe":1,"minecraft:iron_ingot":6,"minecraft:iron_pickaxe":1,"minecraft:stone_pickaxe":1,"minecraft:furnace":1,"minecraft:stone_hoe":1,"minecraft:stone_axe":1,"minecraft:air":0}},"DataVersion":2586}