{"stats":{"minecraft:crafted":{"byg:willow_planks":32,"minecraft:crafting_table":1,"minecraft:stick":8,"minecraft:wooden_pickaxe":1,"minecraft:wooden_axe":1},"minecraft:used":{"mineminenomi:bazooka":5,"mineminenomi:yoru":2,"minecraft:crafting_table":1,"minecraft:grass_block":1},"minecraft:custom":{"minecraft:time_since_rest":6864,"minecraft:play_one_minute":11146,"minecraft:crouch_one_cm":577,"minecraft:sprint_one_cm":12876,"minecraft:deaths":1,"minecraft:damage_taken":10,"minecraft:walk_one_cm":13734,"minecraft:sneak_time":136,"minecraft:drop":1,"minecraft:jump":63,"minecraft:damage_dealt":192,"minecraft:leave_game":1,"minecraft:time_since_death":6833,"minecraft:walk_on_water_one_cm":332,"minecraft:interact_with_crafting_table":1,"minecraft:fly_one_cm":70049,"minecraft:player_kills":2},"minecraft:mined":{"minecraft:grass":3,"byg:willow_log":8},"minecraft:picked_up":{"minecraft:wheat_seeds":3,"byg:willow_planks":24,"byg:willow_log":8},"minecraft:dropped":{"minecraft:wheat_seeds":1}},"DataVersion":2586}