{"stats":{"minecraft:used":{"minecraft:flint_and_steel":17,"minecraft:obsidian":10,"minecraft:big_dripleaf":4,"minecraft:lava_bucket":5,"minecraft:iron_axe":162,"minecraft:iron_boots":1,"minecraft:furnace":1,"minecraft:egg":1,"minecraft:cobbled_deepslate":4,"minecraft:iron_leggings":1,"minecraft:cooked_mutton":14,"minecraft:water_bucket":2,"minecraft:oak_planks":22,"minecraft:crafting_table":2,"minecraft:blast_furnace":1,"minecraft:dripstone_block":4,"minecraft:diamond_pickaxe":92,"minecraft:bread":6,"minecraft:iron_pickaxe":206,"minecraft:cobblestone":14,"minecraft:smithing_table":1,"minecraft:bucket":7},"minecraft:picked_up":{"minecraft:crafting_table":1,"minecraft:smithing_table":1,"minecraft:string":2,"minecraft:dark_oak_trapdoor":1,"minecraft:red_nether_bricks":1,"minecraft:cyan_carpet":1,"minecraft:cobbled_deepslate":20,"minecraft:calcite":6,"minecraft:azalea":1,"minecraft:poppy":1,"cobblemon:dusk_stone":1,"minecraft:birch_sapling":1,"minecraft:egg":1,"minecraft:furnace":1,"minecraft:dark_oak_sapling":1,"minecraft:stick":10,"minecraft:raw_iron":6,"minecraft:stripped_mangrove_wood":1,"minecraft:big_dripleaf":4,"minecraft:green_bed":1,"minecraft:cherry_log":30,"minecraft:pointed_dripstone":10,"minecraft:carrot":1,"minecraft:redstone":165,"artifacts:pocket_piston":1,"create:veridium":15,"minecraft:glow_berries":17,"minecraft:obsidian":3,"minecraft:cobblestone":16,"minecraft:birch_log":12,"minecraft:chiseled_quartz_block":2,"create:raw_zinc":49,"minecraft:oak_log":2,"minecraft:gunpowder":1,"minecraft:cooked_mutton":1,"minecraft:wheat_seeds":5,"minecraft:raw_gold":5,"cobblemon:thunder_stone":1,"minecraft:moss_block":1,"minecraft:oak_planks":2,"minecraft:quartz":18,"minecraft:dripstone_block":4,"minecraft:gravel":2,"minecraft:blast_furnace":4,"minecraft:dark_oak_log":45,"minecraft:light_gray_concrete":5,"minecraft:diamond":11,"minecraft:cherry_sapling":10,"minecraft:warped_roots":1,"minecraft:coal":60},"minecraft:killed":{"artifacts:mimic":1,"cobblemon:pokemon":1,"minecraft:creeper":1,"minecraft:zombie":3,"minecraft:player":2},"minecraft:crafted":{"minecraft:oak_planks":32,"minecraft:furnace":1,"minecraft:iron_axe":1,"create:rose_quartz":16,"minecraft:crafting_table":1,"minecraft:bucket":1,"minecraft:diamond_pickaxe":1,"minecraft:stick":4,"minecraft:iron_pickaxe":1},"minecraft:killed_by":{"minecraft:pillager":1,"minecraft:skeleton":1,"minecraft:zombie":1},"minecraft:dropped":{"minecraft:moss_block":1,"minecraft:wheat_seeds":4,"minecraft:stripped_mangrove_wood":1,"minecraft:cobblestone":2,"minecraft:warped_roots":1,"minecraft:apple":3,"minecraft:stick":3,"origins:orb_of_origin":2,"minecraft:torch":3,"minecraft:dark_oak_trapdoor":1,"minecraft:string":2,"minecraft:cyan_carpet":1,"minecraft:gravel":2,"minecraft:furnace":1,"minecraft:chiseled_quartz_block":2,"minecraft:cobbled_deepslate":7,"minecraft:wheat":8,"minecraft:birch_sapling":1,"minecraft:pointed_dripstone":10,"minecraft:raw_iron":3,"minecraft:oak_planks":6,"minecraft:cooked_mutton":1,"minecraft:light_gray_concrete":5,"minecraft:carrot":1,"minecraft:poppy":1,"minecraft:stone":1,"minecraft:gunpowder":9,"minecraft:skeleton_skull":1,"minecraft:azalea":1,"minecraft:campfire":1,"minecraft:calcite":6,"minecraft:quartz":4},"minecraft:mined":{"create:deepslate_zinc_ore":49,"minecraft:dark_oak_leaves":1,"minecraft:deepslate_diamond_ore":11,"minecraft:cherry_log":44,"minecraft:dark_oak_log":45,"minecraft:obsidian":3,"minecraft:moss_block":1,"minecraft:spawner":4,"minecraft:furnace":1,"minecraft:dark_oak_trapdoor":1,"minecraft:iron_ore":3,"minecraft:fire":13,"minecraft:nether_brick_stairs":1,"minecraft:pointed_dripstone":9,"minecraft:cave_vines":1,"minecraft:light_gray_concrete":5,"minecraft:azalea_leaves":2,"minecraft:stone":14,"minecraft:stripped_mangrove_wood":1,"create:veridium":15,"minecraft:green_bed":1,"cobblemon:deepslate_dusk_stone_ore":1,"minecraft:smithing_table":1,"minecraft:deepslate_redstone_ore":36,"minecraft:acacia_leaves":1,"minecraft:chiseled_quartz_block":2,"minecraft:crafting_table":1,"minecraft:blast_furnace":4,"minecraft:calcite":12,"minecraft:poppy":1,"minecraft:nether_brick_slab":2,"minecraft:nether_quartz_ore":18,"minecraft:tall_grass":21,"minecraft:deepslate_gold_ore":5,"minecraft:oak_planks":1,"minecraft:pink_petals":1,"minecraft:birch_log":13,"minecraft:birch_leaves":1,"minecraft:waxed_copper_block":1,"minecraft:grass":29,"minecraft:oak_log":2,"minecraft:coal_ore":61,"cobblemon:thunder_stone_ore":1,"minecraft:cyan_carpet":1,"minecraft:dripstone_block":7,"minecraft:deepslate":22},"minecraft:custom":{"minecraft:interact_with_smithing_table":1,"minecraft:mob_kills":6,"minecraft:interact_with_crafting_table":5,"minecraft:open_barrel":44,"minecraft:leave_game":3,"minecraft:time_since_death":37791,"minecraft:climb_one_cm":17068,"minecraft:sprint_one_cm":266526,"minecraft:walk_one_cm":150300,"minecraft:drop":42,"minecraft:play_time":91958,"minecraft:deaths":5,"minecraft:sneak_time":3593,"minecraft:walk_under_water_one_cm":22707,"minecraft:jump":1515,"minecraft:interact_with_blast_furnace":2,"minecraft:walk_on_water_one_cm":14616,"minecraft:total_world_time":91958,"minecraft:interact_with_furnace":1,"minecraft:time_since_rest":37818,"minecraft:damage_taken":2256,"minecraft:damage_dealt":2550,"minecraft:swim_one_cm":21737,"minecraft:fly_one_cm":1089180,"minecraft:player_kills":3,"minecraft:open_chest":24,"minecraft:crouch_one_cm":10297,"minecraft:fall_one_cm":62327,"minecraft:inspect_dispenser":1}},"DataVersion":3465}