{"stats":{"minecraft:crafted":{"byg:willow_planks":32,"minecraft:crafting_table":1,"minecraft:stick":8,"minecraft:wooden_pickaxe":1,"minecraft:wooden_axe":1},"minecraft:used":{"minecraft:crafting_table":1},"minecraft:custom":{"minecraft:time_since_rest":1488,"minecraft:play_one_minute":5770,"minecraft:crouch_one_cm":407,"minecraft:sprint_one_cm":9065,"minecraft:deaths":1,"minecraft:damage_taken":10,"minecraft:walk_one_cm":9161,"minecraft:sneak_time":88,"minecraft:drop":1,"minecraft:jump":47,"minecraft:time_since_death":1457,"minecraft:walk_on_water_one_cm":332,"minecraft:interact_with_crafting_table":1,"minecraft:fly_one_cm":43858},"minecraft:mined":{"minecraft:grass":3,"byg:willow_log":8},"minecraft:picked_up":{"minecraft:wheat_seeds":1,"byg:willow_planks":24,"byg:willow_log":8},"minecraft:dropped":{"minecraft:wheat_seeds":1}},"DataVersion":2586}