{"stats":{"minecraft:mined":{"minecraft:grass":3},"minecraft:custom":{"minecraft:jump":3,"minecraft:time_since_rest":635,"minecraft:damage_dealt":66,"minecraft:crouch_one_cm":338,"minecraft:walk_on_water_one_cm":77,"minecraft:deaths":1,"minecraft:play_time":2176,"minecraft:damage_taken":280,"minecraft:time_since_death":600,"minecraft:walk_one_cm":2186,"minecraft:sneak_time":91,"minecraft:total_world_time":2176,"minecraft:fall_one_cm":1712,"minecraft:fly_one_cm":107,"minecraft:player_kills":1},"minecraft:killed":{"minecraft:player":1}},"DataVersion":3465}