{"stats":{"minecraft:used":{"minecraft:iron_axe":17,"minecraft:iron_pickaxe":63,"minecraft:iron_boots":1,"minecraft:crafting_table":1,"minecraft:egg":1,"minecraft:iron_leggings":1},"minecraft:mined":{"minecraft:acacia_leaves":1,"minecraft:birch_log":13,"minecraft:iron_ore":1,"minecraft:grass":5,"minecraft:coal_ore":48,"minecraft:oak_log":2,"minecraft:stone":14},"minecraft:picked_up":{"minecraft:birch_log":12,"minecraft:stick":4,"minecraft:raw_iron":1,"minecraft:oak_log":2,"minecraft:wheat_seeds":1,"minecraft:birch_sapling":1,"minecraft:coal":48,"minecraft:cobblestone":14,"minecraft:egg":1},"minecraft:crafted":{"minecraft:oak_planks":8,"minecraft:iron_axe":1,"minecraft:crafting_table":1,"minecraft:stick":4,"minecraft:iron_pickaxe":1},"minecraft:killed_by":{"minecraft:zombie":1,"minecraft:pillager":1},"minecraft:dropped":{"minecraft:wheat_seeds":1,"minecraft:wheat":3,"minecraft:birch_sapling":1},"minecraft:custom":{"minecraft:time_since_rest":8075,"minecraft:sprint_one_cm":30653,"minecraft:damage_taken":960,"minecraft:walk_one_cm":15079,"minecraft:drop":3,"minecraft:damage_dealt":80,"minecraft:swim_one_cm":11754,"minecraft:interact_with_crafting_table":1,"minecraft:player_kills":1,"minecraft:fly_one_cm":93760,"minecraft:open_barrel":15,"minecraft:open_chest":2,"minecraft:crouch_one_cm":2770,"minecraft:play_time":14176,"minecraft:deaths":4,"minecraft:sneak_time":660,"minecraft:walk_under_water_one_cm":2573,"minecraft:jump":128,"minecraft:walk_on_water_one_cm":2274,"minecraft:time_since_death":8050,"minecraft:climb_one_cm":1252,"minecraft:total_world_time":14176,"minecraft:fall_one_cm":13427},"minecraft:killed":{"minecraft:player":1}},"DataVersion":3465}