{"stats":{"minecraft:used":{"minecraft:cooked_mutton":3,"minecraft:water_bucket":2,"minecraft:flint_and_steel":2,"minecraft:oak_planks":22,"minecraft:crafting_table":2,"minecraft:blast_furnace":1,"minecraft:dripstone_block":4,"minecraft:obsidian":10,"minecraft:big_dripleaf":4,"minecraft:diamond_pickaxe":49,"minecraft:lava_bucket":5,"minecraft:bread":6,"minecraft:iron_axe":37,"minecraft:iron_pickaxe":206,"minecraft:iron_boots":1,"minecraft:cobblestone":14,"minecraft:furnace":1,"minecraft:smithing_table":1,"minecraft:egg":1,"minecraft:bucket":7,"minecraft:cobbled_deepslate":4,"minecraft:iron_leggings":1},"minecraft:picked_up":{"minecraft:birch_log":12,"minecraft:crafting_table":1,"minecraft:smithing_table":1,"create:raw_zinc":49,"minecraft:oak_log":2,"minecraft:gunpowder":1,"minecraft:wheat_seeds":4,"minecraft:cobbled_deepslate":20,"minecraft:raw_gold":5,"minecraft:poppy":1,"cobblemon:dusk_stone":1,"minecraft:moss_block":1,"minecraft:birch_sapling":1,"minecraft:oak_planks":2,"minecraft:egg":1,"minecraft:furnace":1,"minecraft:stick":4,"minecraft:raw_iron":6,"minecraft:big_dripleaf":4,"minecraft:quartz":18,"minecraft:green_bed":1,"minecraft:dripstone_block":4,"minecraft:gravel":2,"minecraft:pointed_dripstone":10,"minecraft:blast_furnace":2,"minecraft:carrot":1,"minecraft:redstone":165,"minecraft:diamond":9,"create:veridium":15,"artifacts:pocket_piston":1,"minecraft:warped_roots":1,"minecraft:coal":52,"minecraft:obsidian":3,"minecraft:cobblestone":16},"minecraft:killed":{"minecraft:creeper":1,"minecraft:zombie":3,"minecraft:player":1,"artifacts:mimic":1},"minecraft:crafted":{"minecraft:oak_planks":32,"create:rose_quartz":16,"minecraft:crafting_table":1,"minecraft:furnace":1,"minecraft:bucket":1,"minecraft:diamond_pickaxe":1,"minecraft:iron_axe":1,"minecraft:stick":4,"minecraft:iron_pickaxe":1},"minecraft:killed_by":{"minecraft:zombie":1,"minecraft:pillager":1},"minecraft:dropped":{"minecraft:gravel":2,"minecraft:moss_block":1,"minecraft:wheat_seeds":4,"minecraft:cobbled_deepslate":7,"minecraft:birch_sapling":1,"minecraft:wheat":8,"minecraft:pointed_dripstone":10,"minecraft:raw_iron":3,"minecraft:cobblestone":2,"minecraft:warped_roots":1,"minecraft:oak_planks":6,"minecraft:stick":3,"minecraft:poppy":1,"origins:orb_of_origin":1,"minecraft:gunpowder":9,"minecraft:torch":3,"minecraft:quartz":4},"minecraft:mined":{"cobblemon:deepslate_dusk_stone_ore":1,"minecraft:smithing_table":1,"minecraft:deepslate_redstone_ore":36,"create:deepslate_zinc_ore":49,"minecraft:acacia_leaves":1,"minecraft:deepslate_diamond_ore":9,"minecraft:obsidian":3,"minecraft:crafting_table":1,"minecraft:blast_furnace":2,"minecraft:poppy":1,"minecraft:nether_quartz_ore":18,"minecraft:tall_grass":12,"minecraft:deepslate_gold_ore":5,"minecraft:moss_block":1,"minecraft:oak_planks":1,"minecraft:furnace":1,"minecraft:birch_log":13,"minecraft:iron_ore":3,"minecraft:grass":24,"minecraft:pointed_dripstone":9,"minecraft:oak_log":2,"minecraft:coal_ore":53,"minecraft:cave_vines":1,"minecraft:dripstone_block":7,"minecraft:azalea_leaves":2,"minecraft:stone":14,"create:veridium":15,"minecraft:deepslate":21,"minecraft:green_bed":1},"minecraft:custom":{"minecraft:interact_with_furnace":1,"minecraft:mob_kills":5,"minecraft:interact_with_crafting_table":5,"minecraft:open_barrel":17,"minecraft:leave_game":1,"minecraft:time_since_death":41267,"minecraft:climb_one_cm":2398,"minecraft:time_since_rest":41292,"minecraft:sprint_one_cm":120134,"minecraft:damage_taken":1297,"minecraft:walk_one_cm":80836,"minecraft:drop":25,"minecraft:damage_dealt":1562,"minecraft:swim_one_cm":20061,"minecraft:player_kills":1,"minecraft:fly_one_cm":435301,"minecraft:open_chest":4,"minecraft:crouch_one_cm":6349,"minecraft:play_time":47393,"minecraft:deaths":4,"minecraft:sneak_time":1979,"minecraft:walk_under_water_one_cm":17295,"minecraft:jump":828,"minecraft:interact_with_blast_furnace":2,"minecraft:walk_on_water_one_cm":12386,"minecraft:total_world_time":47393,"minecraft:fall_one_cm":40798,"minecraft:interact_with_smithing_table":1}},"DataVersion":3465}