{"stats":{"minecraft:mined":{"minecraft:hay_block":1,"minecraft:grass":2,"minecraft:red_bed":1,"minecraft:tall_grass":1},"minecraft:dropped":{"minecraft:leather_chestplate":1,"minecraft:red_bed":1,"minecraft:gunpowder":5,"mineminenomi:marine_sword":1,"minecraft:arrow":2,"minecraft:wheat_seeds":4,"minecraft:coal":1,"minecraft:wheat":3},"minecraft:killed":{"minecraft:iron_golem":1,"mineminenomi:brawler_trainer":2,"mineminenomi:marine_bomber":1,"mineminenomi:marine_captain":1,"minecraft:villager":2,"mineminenomi:pirate_with_gun":1,"mineminenomi:pirate_brute":1},"minecraft:used":{"mineminenomi:daltons_spade":29,"mineminenomi:gomu_gomu_no_mi":1,"minecraft:mutton":1,"mineminenomi:flintlock":13,"mineminenomi:nonosama_trident":37},"minecraft:picked_up":{"minecraft:arrow":1,"minecraft:wheat_seeds":4,"minecraft:hay_block":1,"minecraft:stone_button":4,"minecraft:red_bed":1},"minecraft:custom":{"minecraft:open_chest":12,"minecraft:time_since_rest":21141,"minecraft:play_one_minute":21141,"minecraft:crouch_one_cm":324,"minecraft:damage_taken":97,"minecraft:sprint_one_cm":54921,"minecraft:walk_one_cm":27595,"minecraft:sneak_time":275,"minecraft:mob_kills":9,"minecraft:walk_under_water_one_cm":709,"minecraft:drop":12,"minecraft:jump":336,"minecraft:damage_dealt":3170,"minecraft:leave_game":4,"minecraft:time_since_death":21141,"minecraft:walk_on_water_one_cm":1236,"minecraft:climb_one_cm":269,"minecraft:fly_one_cm":365780,"minecraft:fall_one_cm":4841}},"DataVersion":2586}