{"stats":{"minecraft:used":{"minecraft:cooked_mutton":11,"minecraft:water_bucket":2,"minecraft:flint_and_steel":17,"minecraft:oak_planks":22,"minecraft:crafting_table":2,"minecraft:blast_furnace":1,"minecraft:dripstone_block":4,"minecraft:obsidian":10,"minecraft:big_dripleaf":4,"minecraft:diamond_pickaxe":89,"minecraft:lava_bucket":5,"minecraft:bread":6,"minecraft:iron_axe":161,"minecraft:iron_pickaxe":206,"minecraft:iron_boots":1,"minecraft:cobblestone":14,"minecraft:furnace":1,"minecraft:egg":1,"minecraft:smithing_table":1,"minecraft:bucket":7,"minecraft:cobbled_deepslate":4,"minecraft:iron_leggings":1},"minecraft:picked_up":{"minecraft:birch_log":12,"minecraft:crafting_table":1,"minecraft:smithing_table":1,"minecraft:chiseled_quartz_block":2,"create:raw_zinc":49,"minecraft:oak_log":2,"minecraft:gunpowder":1,"minecraft:dark_oak_trapdoor":1,"minecraft:red_nether_bricks":1,"minecraft:cyan_carpet":1,"minecraft:wheat_seeds":5,"minecraft:cobbled_deepslate":20,"minecraft:raw_gold":5,"minecraft:azalea":1,"cobblemon:thunder_stone":1,"minecraft:calcite":6,"minecraft:poppy":1,"cobblemon:dusk_stone":1,"minecraft:moss_block":1,"minecraft:birch_sapling":1,"minecraft:oak_planks":2,"minecraft:furnace":1,"minecraft:egg":1,"minecraft:dark_oak_sapling":1,"minecraft:stick":10,"minecraft:raw_iron":6,"minecraft:stripped_mangrove_wood":1,"minecraft:big_dripleaf":4,"minecraft:quartz":18,"minecraft:green_bed":1,"minecraft:dripstone_block":4,"minecraft:gravel":2,"minecraft:cherry_log":30,"minecraft:pointed_dripstone":10,"minecraft:blast_furnace":4,"minecraft:carrot":1,"minecraft:redstone":165,"minecraft:dark_oak_log":45,"minecraft:light_gray_concrete":5,"minecraft:diamond":9,"minecraft:cherry_sapling":10,"create:veridium":15,"artifacts:pocket_piston":1,"minecraft:warped_roots":1,"minecraft:glow_berries":17,"minecraft:obsidian":3,"minecraft:coal":60,"minecraft:cobblestone":16},"minecraft:killed":{"cobblemon:pokemon":1,"minecraft:creeper":1,"minecraft:zombie":3,"minecraft:player":1,"artifacts:mimic":1},"minecraft:crafted":{"minecraft:oak_planks":32,"create:rose_quartz":16,"minecraft:crafting_table":1,"minecraft:furnace":1,"minecraft:bucket":1,"minecraft:diamond_pickaxe":1,"minecraft:iron_axe":1,"minecraft:stick":4,"minecraft:iron_pickaxe":1},"minecraft:killed_by":{"minecraft:skeleton":1,"minecraft:zombie":1,"minecraft:pillager":1},"minecraft:dropped":{"minecraft:gravel":2,"minecraft:furnace":1,"minecraft:moss_block":1,"minecraft:stripped_mangrove_wood":1,"minecraft:wheat_seeds":4,"minecraft:chiseled_quartz_block":2,"minecraft:cobbled_deepslate":7,"minecraft:birch_sapling":1,"minecraft:wheat":8,"minecraft:raw_iron":3,"minecraft:pointed_dripstone":10,"minecraft:cobblestone":2,"minecraft:warped_roots":1,"minecraft:oak_planks":6,"minecraft:light_gray_concrete":5,"minecraft:carrot":1,"minecraft:stick":3,"minecraft:poppy":1,"origins:orb_of_origin":1,"minecraft:stone":1,"minecraft:gunpowder":9,"minecraft:torch":3,"minecraft:skeleton_skull":1,"minecraft:dark_oak_trapdoor":1,"minecraft:azalea":1,"minecraft:campfire":1,"minecraft:calcite":6,"minecraft:quartz":4,"minecraft:cyan_carpet":1},"minecraft:mined":{"cobblemon:deepslate_dusk_stone_ore":1,"minecraft:smithing_table":1,"minecraft:deepslate_redstone_ore":36,"create:deepslate_zinc_ore":49,"minecraft:acacia_leaves":1,"minecraft:dark_oak_leaves":1,"minecraft:deepslate_diamond_ore":9,"minecraft:cherry_log":44,"minecraft:dark_oak_log":45,"minecraft:chiseled_quartz_block":2,"minecraft:obsidian":3,"minecraft:crafting_table":1,"minecraft:blast_furnace":4,"minecraft:calcite":12,"minecraft:poppy":1,"minecraft:nether_brick_slab":2,"minecraft:nether_quartz_ore":18,"minecraft:tall_grass":21,"minecraft:oak_planks":1,"minecraft:deepslate_gold_ore":5,"minecraft:moss_block":1,"minecraft:spawner":4,"minecraft:pink_petals":1,"minecraft:furnace":1,"minecraft:dark_oak_trapdoor":1,"minecraft:birch_log":13,"minecraft:iron_ore":3,"minecraft:birch_leaves":1,"minecraft:waxed_copper_block":1,"minecraft:nether_brick_stairs":1,"minecraft:grass":28,"minecraft:coal_ore":61,"minecraft:pointed_dripstone":9,"minecraft:oak_log":2,"minecraft:cave_vines":1,"cobblemon:thunder_stone_ore":1,"minecraft:cyan_carpet":1,"minecraft:light_gray_concrete":5,"minecraft:dripstone_block":7,"minecraft:azalea_leaves":2,"minecraft:stripped_mangrove_wood":1,"minecraft:stone":14,"create:veridium":15,"minecraft:deepslate":21,"minecraft:green_bed":1},"minecraft:custom":{"minecraft:interact_with_furnace":1,"minecraft:mob_kills":6,"minecraft:interact_with_crafting_table":5,"minecraft:open_barrel":29,"minecraft:leave_game":2,"minecraft:time_since_death":17087,"minecraft:climb_one_cm":15094,"minecraft:time_since_rest":17114,"minecraft:sprint_one_cm":215209,"minecraft:damage_taken":2075,"minecraft:walk_one_cm":132596,"minecraft:drop":37,"minecraft:damage_dealt":2445,"minecraft:swim_one_cm":21737,"minecraft:player_kills":1,"minecraft:fly_one_cm":818481,"minecraft:open_chest":18,"minecraft:play_time":71254,"minecraft:crouch_one_cm":9642,"minecraft:deaths":5,"minecraft:sneak_time":2813,"minecraft:walk_under_water_one_cm":22707,"minecraft:jump":1244,"minecraft:interact_with_blast_furnace":2,"minecraft:walk_on_water_one_cm":14021,"minecraft:total_world_time":71254,"minecraft:fall_one_cm":54991,"minecraft:inspect_dispenser":1,"minecraft:interact_with_smithing_table":1}},"DataVersion":3465}