{"stats":{"minecraft:mined":{"minecraft:grass":2,"minecraft:red_bed":1,"minecraft:tall_grass":1},"minecraft:killed":{"mineminenomi:brawler_trainer":2,"mineminenomi:marine_bomber":1,"mineminenomi:marine_captain":1,"mineminenomi:pirate_with_gun":1,"mineminenomi:pirate_brute":1},"minecraft:used":{"mineminenomi:daltons_spade":29,"minecraft:mutton":1,"mineminenomi:nonosama_trident":36},"minecraft:custom":{"minecraft:time_since_rest":14903,"minecraft:open_chest":12,"minecraft:crouch_one_cm":230,"minecraft:play_one_minute":14903,"minecraft:sprint_one_cm":51100,"minecraft:damage_taken":85,"minecraft:walk_one_cm":20449,"minecraft:sneak_time":232,"minecraft:walk_under_water_one_cm":709,"minecraft:mob_kills":6,"minecraft:drop":12,"minecraft:jump":311,"minecraft:damage_dealt":3110,"minecraft:leave_game":2,"minecraft:walk_on_water_one_cm":1236,"minecraft:time_since_death":14903,"minecraft:climb_one_cm":269,"minecraft:fall_one_cm":4423,"minecraft:fly_one_cm":359337},"minecraft:dropped":{"minecraft:leather_chestplate":1,"minecraft:red_bed":1,"minecraft:arrow":2,"mineminenomi:marine_sword":1,"minecraft:gunpowder":5,"minecraft:wheat_seeds":4,"minecraft:coal":1,"minecraft:wheat":3},"minecraft:picked_up":{"minecraft:arrow":1,"minecraft:wheat_seeds":4,"minecraft:stone_button":4,"minecraft:red_bed":1}},"DataVersion":2586}