{"stats":{"minecraft:used":{"minecraft:oak_planks":2,"minecraft:crafting_table":2,"minecraft:blast_furnace":1,"minecraft:dripstone_block":3,"minecraft:big_dripleaf":4,"minecraft:iron_axe":25,"minecraft:iron_pickaxe":170,"minecraft:iron_boots":1,"minecraft:cobblestone":14,"minecraft:furnace":1,"minecraft:smithing_table":1,"minecraft:bucket":1,"minecraft:egg":1,"minecraft:cobbled_deepslate":1,"minecraft:iron_leggings":1},"minecraft:mined":{"cobblemon:deepslate_dusk_stone_ore":1,"minecraft:deepslate_redstone_ore":30,"create:deepslate_zinc_ore":29,"minecraft:acacia_leaves":1,"minecraft:deepslate_diamond_ore":4,"minecraft:blast_furnace":1,"minecraft:tall_grass":2,"minecraft:deepslate_gold_ore":1,"minecraft:oak_planks":1,"minecraft:birch_log":13,"minecraft:iron_ore":3,"minecraft:grass":6,"minecraft:oak_log":2,"minecraft:pointed_dripstone":9,"minecraft:coal_ore":53,"minecraft:dripstone_block":6,"minecraft:stone":14,"minecraft:deepslate":15,"minecraft:smithing_table":1},"minecraft:picked_up":{"minecraft:birch_log":12,"minecraft:smithing_table":1,"create:raw_zinc":29,"minecraft:oak_log":2,"minecraft:wheat_seeds":1,"minecraft:cobbled_deepslate":15,"minecraft:raw_gold":1,"cobblemon:dusk_stone":1,"minecraft:birch_sapling":1,"minecraft:oak_planks":2,"minecraft:egg":1,"minecraft:stick":4,"minecraft:raw_iron":6,"minecraft:big_dripleaf":4,"minecraft:dripstone_block":3,"minecraft:gravel":2,"minecraft:blast_furnace":1,"minecraft:pointed_dripstone":10,"minecraft:redstone":135,"minecraft:diamond":4,"artifacts:pocket_piston":1,"minecraft:coal":52,"minecraft:cobblestone":16},"minecraft:crafted":{"minecraft:oak_planks":8,"create:rose_quartz":16,"minecraft:crafting_table":1,"minecraft:furnace":1,"minecraft:bucket":1,"minecraft:diamond_pickaxe":1,"minecraft:iron_axe":1,"minecraft:stick":4,"minecraft:iron_pickaxe":1},"minecraft:killed_by":{"minecraft:zombie":1,"minecraft:pillager":1},"minecraft:dropped":{"minecraft:gravel":2,"minecraft:wheat_seeds":1,"minecraft:birch_sapling":1,"minecraft:wheat":8,"minecraft:raw_iron":3,"minecraft:pointed_dripstone":10,"minecraft:cobblestone":2,"minecraft:oak_planks":1,"origins:orb_of_origin":1},"minecraft:custom":{"minecraft:interact_with_smithing_table":1,"minecraft:interact_with_furnace":1,"minecraft:mob_kills":1,"minecraft:interact_with_crafting_table":5,"minecraft:open_barrel":16,"minecraft:time_since_death":20050,"minecraft:climb_one_cm":2204,"minecraft:time_since_rest":20075,"minecraft:sprint_one_cm":55314,"minecraft:damage_taken":1086,"minecraft:walk_one_cm":51901,"minecraft:drop":11,"minecraft:damage_dealt":703,"minecraft:swim_one_cm":15085,"minecraft:fly_one_cm":235921,"minecraft:player_kills":1,"minecraft:open_chest":2,"minecraft:crouch_one_cm":3699,"minecraft:play_time":26176,"minecraft:deaths":4,"minecraft:sneak_time":1140,"minecraft:walk_under_water_one_cm":9537,"minecraft:jump":385,"minecraft:interact_with_blast_furnace":2,"minecraft:walk_on_water_one_cm":8119,"minecraft:total_world_time":26176,"minecraft:fall_one_cm":23018},"minecraft:killed":{"minecraft:player":1,"artifacts:mimic":1}},"DataVersion":3465}