{
  "uuid": "7bd57142-f6c3-37be-bc97-f2e3b016f9d3",
  "starterPrompted": true,
  "starterLocked": false,
  "starterSelected": true,
  "starterUUID": "d40a078d-078f-4877-9919-3867502aeacf",
  "keyItems": [],
  "battleTheme": "cobblemon:battle.pvp.default",
  "extraData": {
    "koStreak": {
      "name": "koStreak",
      "species": "frillish",
      "count": 1
    },
    "koCount": {
      "name": "koCount",
      "defeats": {
        "zubat": 1,
        "frillish": 1
      }
    },
    "captureStreak": {
      "name": "captureStreak",
      "species": "",
      "count": 0
    },
    "captureCount": {
      "name": "captureCount",
      "defeats": {}
    },
    "cobblenavPlayerStatsData": {
      "name": "cobblenavPlayerStatsData",
      "totalPvpCount": 0,
      "startDate": 1721769190556,
      "gymBadges": [],
      "pokemonUsage": {
        "d40a078d-078f-4877-9919-3867502aeacf": 5
      }
    }
  },
  "advancementData": {
    "totalCaptureCount": 0,
    "totalEggsHatched": 0,
    "totalEvolvedCount": 0,
    "totalBattleVictoryCount": 2,
    "totalPvPBattleVictoryCount": 0,
    "totalPvWBattleVictoryCount": 2,
    "totalPvNBattleVictoryCount": 0,
    "totalShinyCaptureCount": 0,
    "totalTradedCount": 0,
    "totalTypeCaptureCounts": {},
    "totalDefeatedCounts": {
      "cobblemon:zubat": 1,
      "cobblemon:frillish": 1
    },
    "aspectsCollected": {}
  }
}