{
  "minecraft:recipes/transportation/acacia_boat": {
    "criteria": {
      "in_water": "2024-07-25 02:04:35 +0000"
    },
    "done": true
  },
  "minecraft:recipes/transportation/oak_boat": {
    "criteria": {
      "in_water": "2024-07-25 02:04:35 +0000"
    },
    "done": true
  },
  "minecraft:recipes/transportation/dark_oak_boat": {
    "criteria": {
      "in_water": "2024-07-25 02:04:35 +0000"
    },
    "done": true
  },
  "minecraft:recipes/transportation/birch_boat": {
    "criteria": {
      "in_water": "2024-07-25 02:04:35 +0000"
    },
    "done": true
  },
  "minecraft:recipes/transportation/jungle_boat": {
    "criteria": {
      "in_water": "2024-07-25 02:04:35 +0000"
    },
    "done": true
  },
  "minecraft:recipes/transportation/spruce_boat": {
    "criteria": {
      "in_water": "2024-07-25 02:04:35 +0000"
    },
    "done": true
  },
  "minecraft:adventure/adventuring_time": {
    "criteria": {
      "minecraft:forest": "2024-07-25 02:04:07 +0000",
      "minecraft:desert_hills": "2024-07-25 02:05:07 +0000",
      "minecraft:desert": "2024-07-25 02:04:37 +0000",
      "minecraft:savanna_plateau": "2024-07-25 02:05:37 +0000",
      "minecraft:river": "2024-07-25 02:04:34 +0000",
      "minecraft:savanna": "2024-07-25 02:05:28 +0000"
    },
    "done": false
  },
  "DataVersion": 2586
}